#	Festival Idea (not yet built or backlog name)
1	Oktoberfest
2	Carnival of Venice
3	La Tomatina
4	San Fermin
5	King's Day
6	St. Patrick's Festival
7	Notting Hill Carnival
8	Edinburgh Fringe Festival
9	Hogmanay
10	Bastille Day Celebrations
11	Cannes Film Festival
12	Nice Carnival
13	Fete des Lumieres
14	Battle of the Oranges
15	Regata Storica
16	Palio di Siena
17	Festa della Sensa
18	Feria de Abril
19	Las Fallas
20	Semana Santa
21	Fiesta de San Isidro
22	Festival Interceltique de Lorient
23	Up Helly Aa
24	Obby Oss Festival
25	Cheese Rolling Festival
26	Guy Fawkes Night
27	Isle of Man TT
28	Pukkelpop
29	Tomorrowland
30	Ommegang Festival
31	Gentse Feesten
32	Maastricht Carnival
33	Rotterdam Summer Carnival
34	Zundert Flower Parade
35	Valkenburg Christmas Markets
36	Vienna Ball Season
37	Salzburg Festival
38	Krampusnacht
39	Almabtrieb
40	Sechselauten
41	Basel Fasnacht
42	Fete de l'Escalade
43	Prague Christmas Markets
44	Signal Festival
45	Bohemian Carnevale
46	Krakow Wianki Festival
47	St. Dominic's Fair
48	Jewish Culture Festival
49	Pierogi Festival
50	Lajkonik Parade
51	Sziget Festival
52	Busojaras
53	Vychodna Folklore Festival
54	Kurentovanje
55	Dragon Carnival
56	Advent Zagreb
57	Sinjska Alka
58	Dubrovnik Summer Festival
59	Untold Festival
60	George Enescu Festival
61	Sanziene Festival
62	Kukeri Festival
63	Rose Festival
64	Surva Festival
65	EXIT Festival
66	Guca Trumpet Festival
67	Belgrade Beer Fest
68	Kotor Carnival
69	Sea Dance Festival
70	Vyshyvanka Day
71	Ivan Kupala Night
72	White Nights Festival
73	Maslenitsa
74	Scarlet Sails
75	Song and Dance Celebration
76	Jani Festival
77	Kaziukas Fair
78	Tallinn Medieval Days
79	Sauna Day
80	Madeira Carnival
81	Festa de Sao Joao
82	Holy Week Braga
83	Sardine Festival
84	Malta Carnival
85	Isle of MTV Malta
86	Feast of St. Paul's Shipwreck
87	Greek Orthodox Easter
88	Apokries Carnival
89	Athens Epidaurus Festival
90	Midsummer
91	Saint Lucia Festival
92	Crayfish Parties
93	Air Guitar World Championships
94	Wife Carrying Championships
95	Sami Reindeer Migration Celebrations
96	Fire Festivals of the Pyrenees
97	La Merce
98	Castells Festivals
99	Fete du Citron
100	El Colacho
101	Mardi Gras New Orleans
102	Albuquerque International Balloon Fiesta
103	Burning Man
104	Coachella
105	Glastonbury Festival
106	Roskilde Festival
107	Songkran
108	Holi Festival Mathura
109	Pingxi Sky Lantern Festival
110	Day of the Dead Oaxaca
111	Barranquilla Carnival
112	Carnival of Oruro
113	Fuji Rock Festival
114	Chinese New Year Hong Kong
115	Montreux Jazz Festival
116	Amsterdam Dance Event
117	Festa Frawli
118	Beltane Fire Festival
119	Malta International Fireworks Festival
120	Feast of St George Qormi
121	Santa Marija Feast Victoria Gozo
122	Mnarja Nadur Gozo
123	Mosta Assumption Feast
124	Birkirkara St Helen Feast
125	Zejtun St Gregory Feast
126	Victory Day Grand Harbour Regatta
127	Nadur Carnival Gozo
128	Feast of St George Victoria Gozo
129	Festa San Filep Zebbug Gozo
130	Batalla del Vino Haro
131	Moros y Cristianos Alcoy
132	Patios de Cordoba Festival
133	Tamborrada San Sebastian
134	Aste Nagusia Bilbao
135	Hogueras de Alicante
136	Santa Cruz de Tenerife Carnival
137	Romeria del Rocio
138	Fiestas del Pilar Zaragoza
139	Calcio Storico Fiorentino
140	Scoppio del Carro
141	Infiorata di Noto
142	Umbria Jazz Festival
143	Viareggio Carnival
144	Torres Vedras Carnival
145	Romaria de Viana do Castelo
146	Madeira Flower Festival
147	Santos Populares Lisbon
148	Fete de la Musique Paris
149	Festival d'Avignon
150	Cologne Carnival
151	Wacken Open Air
152	Cannstatter Volksfest
153	Amsterdam Pride
154	Carnival of Binche
155	Distortion Copenhagen
156	Thorrablot Reykjavik
157	Ligo Festival Riga
158	Perchtenlauf Salzburg
159	Sighisoara Medieval Festival